CRIM,ZN,INDUS,NOX,RM,AGE,TAX,PTRATIO,LSTAT
-0.4205182271817963,0.3113095896979487,-1.3056513967499026,-0.14689736125164482,0.570973721880566,-0.11472959537441414,-0.6787148780479003,-1.563235833548001,-1.1458147492119466
-0.418123847421348,-0.48379192993600134,-0.6072017217441399,-0.7372537419760873,0.32313049578260644,0.37176653122093256,-0.999919723621375,-0.3649071965436762,-0.5553289853494047
-0.41812612886942846,-0.48379192993600134,-0.6072017217441399,-0.7372537419760873,1.5526903966841719,-0.26032332669126973,-0.999919723621375,-0.3649071965436762,-1.2806612577863252
-0.4175466410569903,-0.48379192993600134,-1.32472670300006,-0.8313685273089689,1.251737907850936,-0.803636519166365,-1.1188844812411805,0.06649111277788007,-1.4353798834137703
-0.4133624652774169,-0.48379192993600134,-1.32472670300006,-0.8313685273089689,1.4915342759587022,-0.5053469232976852,-1.1188844812411805,0.06649111277788007,-1.096134456579281
-0.4178341035151289,-0.48379192993600134,-1.32472670300006,-0.8313685273089689,0.33761484016495386,-0.34554892551089245,-1.1188844812411805,0.06649111277788007,-1.1131676997676236
-0.4111677122240092,0.06836190314313062,-0.4898152217431714,-0.2666798153116766,-0.3351024878152228,-0.06501466272963449,-0.5894913098330463,-1.6111689790281747,-0.08833423460234636
-0.4047499987736603,0.06836190314313062,-0.4898152217431714,-0.2666798153116766,-0.07760303212903061,0.9825499894282287,-0.5894913098330463,-1.6111689790281747,0.8655273839448366
-0.3971425101493487,0.06836190314313062,-0.4898152217431714,-0.2666798153116766,-0.9482730666679662,1.1210415875101158,-0.5894913098330463,-1.6111689790281747,2.3956803970309433
-0.4018422931951072,0.06836190314313062,-0.4898152217431714,-0.2666798153116766,-0.3479774605995324,0.6203411944448323,-0.5894913098330463,-1.6111689790281747,0.5745428128106518
-0.39558542183443113,0.06836190314313062,-0.4898152217431714,-0.2666798153116766,0.2523181454689029,0.9186307903135117,-0.5894913098330463,-1.6111689790281747,1.0500541851518812
-0.40783907947461034,0.06836190314313062,-0.4898152217431714,-0.2666798153116766,-0.3399306026093376,0.5138091959203038,-0.5894913098330463,-1.6111689790281747,0.030898467716051516
-0.41054145472592146,0.06836190314313062,-0.4898152217431714,-0.2666798153116766,-0.5330551943739817,-1.0451090491552961,-0.5894913098330463,-1.6111689790281747,0.37724107921235034
-0.34940092761753144,-0.48379192993600134,-0.4501972779928444,-0.14689736125164482,-0.4364928984916604,-0.23546586036887993,-0.6132842613570074,1.1689534588218593,-0.6802394353972502
-0.34846553390454066,-0.48379192993600134,-0.4501972779928444,-0.14689736125164482,-0.19991527357997116,0.5706262618000522,-0.6132842613570074,1.1689534588218593,-0.39635204892487425
-0.3496712792150666,-0.48379192993600134,-0.4501972779928444,-0.14689736125164482,-0.6215706322661112,-0.4236723910955468,-0.6132842613570074,1.1689534588218593,-0.6504312598176506
-0.3010148360029828,-0.48379192993600134,-0.4501972779928444,-0.14689736125164482,-0.45902410086420253,-1.3895625110512715,-0.6132842613570074,1.1689534588218593,-0.918704840034046
-0.3317835855401783,-0.48379192993600134,-0.4501972779928444,-0.14689736125164482,-0.37050866297207313,0.4711963965104924,-0.6132842613570074,1.1689534588218593,0.22961963824671475
-0.3296721053417076,-0.48379192993600134,-0.4501972779928444,-0.14689736125164482,-1.2299130963247384,-1.1303346479749188,-0.6132842613570074,1.1689534588218593,-0.1933725675971255
-0.338445413935137,-0.48379192993600134,-0.4501972779928444,-0.14689736125164482,-0.793773393256251,0.03796626917740988,-0.6132842613570074,1.1689534588218593,-0.2515694818239626
-0.27844447014293944,-0.48379192993600134,-0.4501972779928444,-0.14689736125164482,-1.0464447341483267,1.0535713217779143,-0.6132842613570074,1.1689534588218593,1.1309620902965083
-0.32404491365123994,-0.48379192993600134,-0.4501972779928444,-0.14689736125164482,-0.4107429529230412,0.7375263928218135,-0.6132842613570074,1.1689534588218593,0.11038693592831685
-0.2806483489886689,-0.48379192993600134,-0.4501972779928444,-0.14689736125164482,-0.12588418007019056,0.8263030582589206,-0.6132842613570074,1.1689534588218593,0.8044915958532759
-0.3084865784665067,-0.48379192993600134,-0.4501972779928444,-0.14689736125164482,-0.6553674358249237,1.1210415875101158,-0.6132842613570074,1.1689534588218593,0.969146280007254
-0.33565520293272794,-0.48379192993600134,-0.4501972779928444,-0.14689736125164482,-0.476727188442627,0.911528657078543,-0.6132842613570074,1.1689534588218593,0.46098785822170124
-0.3253567462975075,-0.48379192993600134,-0.4501972779928444,-0.14689736125164482,-0.9997729578052047,0.6132390612098636,-0.6132842613570074,1.1689534588218593,0.4907960338013008
-0.34459277578795083,-0.48379192993600134,-0.4501972779928444,-0.14689736125164482,-0.6553674358249237,0.7765881256141404,-0.6132842613570074,1.1689534588218593,0.24949175529978113
-0.3122121831819065,-0.48379192993600134,-0.4501972779928444,-0.14689736125164482,-0.27877448188386805,0.7233221263518762,-0.6132842613570074,1.1689534588218593,0.6000926775931655
-0.3330623371892791,-0.48379192993600134,-0.4501972779928444,-0.14689736125164482,0.44222399403747,0.9221818569309963,-0.6132842613570074,1.1689534588218593,-0.035815068104956674
-0.3068872833621005,-0.48379192993600134,-0.4501972779928444,-0.14689736125164482,0.7303015100863977,0.6700561270896119,-0.6132842613570074,1.1689534588218593,-0.15220889655863085
-0.2922449495816741,-0.48379192993600134,-0.4501972779928444,-0.14689736125164482,-0.8163045956287931,0.911528657078543,-0.6132842613570074,1.1689534588218593,1.3552331256096857
-0.2667029975968247,-0.48379192993600134,-0.4501972779928444,-0.14689736125164482,-0.2385401919329,1.1210415875101158,-0.6132842613570074,1.1689534588218593,-0.0017485817282717816
-0.26290780871497055,-0.48379192993600134,-0.4501972779928444,-0.14689736125164482,-0.43488352689362114,0.4818495963629451,-0.6132842613570074,1.1689534588218593,2.080565398046606
-0.28985969561354763,-0.48379192993600134,-0.4501972779928444,-0.14689736125164482,-0.8356170548052583,0.9434882566359017,-0.6132842613570074,1.1689534588218593,0.7519724293558867
-0.23726091011841974,-0.48379192993600134,-0.4501972779928444,-0.14689736125164482,-0.19991527357997116,1.0109585223681032,-0.6132842613570074,1.1689534588218593,1.0344403788959005
-0.41391913860905044,-0.48379192993600134,-0.7700754904954837,-0.48057705470459056,-0.4622428440602796,-0.00819759684988568,-0.7798349220247349,0.30615684017874506,-0.4786793910018633
-0.41012394972719635,-0.48379192993600134,-0.7700754904954837,-0.48057705470459056,-0.6103050310798394,-0.249670126838817,-0.7798349220247349,0.30615684017874506,-0.23311680170325805
-0.4120974023167988,-0.48379192993600134,-0.7700754904954837,-0.48057705470459056,-0.595820686697492,-0.9563323837181891,-0.7798349220247349,0.30615684017874506,-0.6078481518467944
-0.40127079045095065,-0.48379192993600134,-0.7700754904954837,-0.48057705470459056,-0.40913358132500194,-1.3576029114939128,-0.7798349220247349,0.30615684017874506,-0.4148047290455786
-0.41808734425206057,2.8291310685387905,-1.2117421967491278,-1.0880452145804658,0.6031611538413394,-1.6558925073625927,-0.9404373448114722,-0.1252414691428112,-1.2394975867478308
-0.4174074727240819,2.8291310685387905,-1.2117421967491278,-1.0880452145804658,1.293581569399942,-1.8689565044116496,-0.9404373448114722,-0.1252414691428112,-1.5716458289205106
-0.4067017776064984,-0.48379192993600134,-0.6306790217443335,-0.9169274230661345,0.8848011834981114,-2.3270440980671214,-1.0534538645502873,-0.31697405106350424,-1.165686866265013
-0.4050979196059312,-0.48379192993600134,-0.6306790217443335,-0.9169274230661345,-0.08243114692314689,-2.195654633220203,-1.0534538645502873,-0.31697405106350424,-1.0280014838259108
-0.40306058647007575,-0.48379192993600134,-0.6306790217443335,-0.9169274230661345,-0.01483753980552038,-2.199205699837688,-1.0534538645502873,-0.31697405106350424,-0.7966332638509243
-0.4072436215256089,-0.48379192993600134,-0.6306790217443335,-0.9169274230661345,-0.24336830672701626,-1.0095983829804533,-1.0534538645502873,-0.31697405106350424,-0.4971320711225676
-0.40168487327755514,-0.48379192993600134,-0.6306790217443335,-0.9169274230661345,-0.8661951151679923,-1.2297645132644788,-1.0534538645502873,-0.31697405106350424,-0.4034492335866835
-0.399752486753401,-0.48379192993600134,-0.6306790217443335,-0.9169274230661345,-0.6988204689719688,-1.2475198463519002,-1.0534538645502873,-0.31697405106350424,0.15580891776389705
-0.3950857847048092,-0.48379192993600134,-0.6306790217443335,-0.9169274230661345,-0.30613379905052507,0.6061369279748949,-1.0534538645502873,-0.31697405106350424,0.8158470913121711
-0.39227960356583685,-0.48379192993600134,-0.6306790217443335,-0.9169274230661345,-1.3216472774129449,0.9541414564883545,-1.0534538645502873,-0.31697405106350424,2.5205908470787883
-0.39616947254303025,-0.48379192993600134,-0.6306790217443335,-0.9169274230661345,-0.9949448430110883,-0.22836372713391126,-1.0534538645502873,-0.31697405106350424,0.44679348889808224
-0.411117520366239,0.44382650963694037,-0.8170300904958712,-0.9939304292475836,-0.4139616961191182,-0.8071875857838491,-0.9939714857403847,-0.8442386513454061,0.05644833249856531
-0.41629184461273433,0.44382650963694037,-0.8170300904958712,-0.9939304292475836,-0.16933721321723566,-0.19285306095906843,-0.9939714857403847,-0.8442386513454061,-0.5141653143109103
-0.41512488391957636,0.44382650963694037,-0.8170300904958712,-0.9939304292475836,0.4679739396060892,-1.6807499736849825,-0.9939714857403847,-0.8442386513454061,-1.1032316412410903
-0.4155572183308245,0.44382650963694037,-0.8170300904958712,-0.9939304292475836,-0.35763369018776353,-1.6700967738325296,-0.9939714857403847,-0.8442386513454061,-0.6561090075470983
-0.419687780080507,2.8291310685387905,-1.0576724154978567,-1.2420512269433637,-0.5346645659720209,-0.7397173200516478,0.35033027536341654,1.216886604302033,0.24807231836741928
-0.41974367555847836,3.491715668233749,-1.4655905030012222,-1.301942453973379,1.6556901789586487,-1.6523414407451082,-1.0950915297172192,-0.31697405106350424,-1.169945177062099
-0.41889497687254523,3.270854135002096,-1.5360224030018035,-1.2420512269433637,0.26197437505713544,-1.1622942475322773,-0.5775948340710657,-0.6045729239445411,-1.0336792315553582
-0.4196056479496102,3.9334387346970545,-1.4509171905011011,-1.2334953373676472,0.9588322770078921,-0.9918430498930318,-0.9166443932875112,-1.6591021245083475,-1.2920167532452205
-0.40362068197382994,0.6205157362222626,-0.8918639842464886,-0.8741479751875517,-0.12105606527607571,-1.3931135776687555,-0.7500937326197836,0.54582256757961,-0.8789606059279134
-0.4094577668877005,0.6205157362222626,-0.8918639842464886,-0.8741479751875517,-0.4718990736485122,-0.7539215865215849,-0.7500937326197836,0.54582256757961,-0.5439734898905096
-0.40420587340646935,0.6205157362222626,-0.8918639842464886,-0.8741479751875517,-0.7712421908837102,-0.07921892919957131,-0.7500937326197836,0.54582256757961,0.013865224527709068
-0.4016517922803884,0.6205157362222626,-0.8918639842464886,-0.8741479751875517,-0.40913358132500194,0.8866711907561534,-0.7500937326197836,0.54582256757961,0.19697258880239144
-0.40866040078357785,0.6205157362222626,-0.8918639842464886,-0.8741479751875517,0.37945850171396117,-0.02240186331982301,-0.7500937326197836,0.54582256757961,-0.8974132860486177
-0.40680900566628025,0.6205157362222626,-0.8918639842464886,-0.8741479751875517,0.8719262107138018,-0.8888621179859877,-0.7500937326197836,0.54582256757961,-0.504229255784377
-0.4190136121727295,0.2892234363747834,-1.4421132030010284,-1.1898603005314923,1.422331297243038,-0.3171403925710183,-1.154573908527122,0.018557967297708106,-0.7100476109768495
-0.41715080981502956,3.0499926017704433,-1.1501142842486194,-1.3447219018519618,0.11230281643953646,-1.7979351720619638,-0.43483712492729926,-1.1797706697066168,-1.189817294115165
-0.41624393420304456,3.0499926017704433,-1.1501142842486194,-1.3447219018519618,-0.6972110973739296,-1.3256433119365543,-0.43483712492729926,-1.1797706697066168,-0.39919092278959795
-0.41463551330631654,0.06836190314313062,-0.7539348467453505,-1.2506071165190802,-0.5507582819524076,-1.6700967738325296,-0.38725122187937705,0.16235740373822571,-0.7029504263150403
-0.40577779113390994,0.06836190314313062,-0.7539348467453505,-1.2506071165190802,-1.007819815795398,-1.1232325147399504,-0.38725122187937705,0.16235740373822571,0.0053486029335377185
-0.40661964547560164,0.06836190314313062,-0.7539348467453505,-1.2506071165190802,-0.5394926807661372,-1.258173046204353,-0.38725122187937705,0.16235740373822571,-0.6050092779820707
-0.41117113439612996,-0.48379192993600134,-0.05841983423961195,-1.2163835582162141,0.3166930093904509,-2.195654633220203,-0.6251807371189879,0.30615684017874506,-0.8988327229809797
-0.40312902991248967,-0.48379192993600134,-0.05841983423961195,-1.2163835582162141,-0.4171804393151953,-1.8085883719144167,-0.6251807371189879,0.30615684017874506,-0.45029065235462556
-0.4107855696705313,-0.48379192993600134,-0.05841983423961195,-1.2163835582162141,-0.24980579311917037,-2.1530418338103923,-0.6251807371189879,0.30615684017874506,-1.0691651548644052
-0.39895055775311744,-0.48379192993600134,-0.05841983423961195,-1.2163835582162141,0.03988109452779509,-2.2098588996901403,-0.6251807371189879,0.30615684017874506,-0.7824388945273055
-0.4122320077535463,-0.48379192993600134,0.23798107826283352,-1.0110422083990167,0.084943499272878,-2.2169610329251093,-0.07199461418689271,0.06649111277788007,-0.8903161013868084
-0.4103885977045303,-0.48379192993600134,0.23798107826283352,-1.0110422083990167,0.10586533004738094,-0.8320450521062391,-0.07199461418689271,0.06649111277788007,-0.5837177239966425
-0.4096573935947412,-0.48379192993600134,0.23798107826283352,-1.0110422083990167,0.09459972886111057,0.21551960005162396,-0.07199461418689271,0.06649111277788007,-0.1536283334909927
-0.4113068805569176,-0.48379192993600134,0.23798107826283352,-1.0110422083990167,-0.12910292326626904,-0.803636519166365,-0.07199461418689271,0.06649111277788007,-0.3949326119925124
-0.4147986368440698,-0.48379192993600134,0.23798107826283352,-1.0110422083990167,0.018959263753292162,-0.5231022563851065,-0.07199461418689271,0.06649111277788007,-0.10110916699360327
-0.41167191224979205,-0.48379192993600134,0.23798107826283352,-1.0110422083990167,-0.5571957683445632,-1.1303346479749188,-0.07199461418689271,0.06649111277788007,-0.5610067330788523
-0.41654736679774645,0.6205157362222626,-0.9314819279968154,-1.1051569937318988,0.8155982047824486,-1.2404177131169316,-0.7679384462627544,0.2102905492183994,-1.1018122043087284
-0.41614925410770526,0.6205157362222626,-0.9314819279968154,-1.1051569937318988,0.6417860721942682,0.06992586873476862,-0.7679384462627544,0.2102905492183994,-0.8278608763628857
-0.41706525551201207,0.6205157362222626,-0.9314819279968154,-1.1051569937318988,0.13161527561600014,-1.2865815791442272,-0.7679384462627544,0.2102905492183994,-0.8988327229809797
-0.4171884537083572,0.6205157362222626,-0.9314819279968154,-1.1051569937318988,-0.08564989011922394,-0.7716769196090063,-0.7679384462627544,0.2102905492183994,-0.7866972053243912
-0.4154682418556863,-0.48379192993600134,-0.9857731842472633,-0.908371533490418,0.27163060464536803,-0.7255130535817107,-0.9701785342164236,-0.02937517818246557,-0.4871960125960347
-0.4146971124044891,-0.48379192993600134,-0.9857731842472633,-0.908371533490418,0.6594891597726941,-0.43787665756548383,-0.9701785342164236,-0.02937517818246557,-0.9258020246958554
-0.41532108845449633,-0.48379192993600134,-0.9857731842472633,-0.908371533490418,-0.33027437302110646,-0.8284939854887549,-0.9701785342164236,-0.02937517818246557,-0.027298446510785578
-0.41308184716351964,-0.48379192993600134,-0.9857731842472633,-0.908371533490418,-0.1596809836290031,-0.413019191243094,-0.9701785342164236,-0.02937517818246557,-0.6546895706147364
-0.4147826667075065,-0.48379192993600134,-1.1442449592485708,-0.5661359504617561,1.2662222522332833,0.6345454609147692,-0.8333690629536474,-0.3649071965436762,-1.072004028729129
-0.4151910459139098,-0.48379192993600134,-1.1442449592485708,-0.5661359504617561,1.38209700729207,-0.1893019943415841,-0.8333690629536474,-0.3649071965436762,-1.0436152900818914
-0.4158960133707736,-0.48379192993600134,-1.1442449592485708,-0.5661359504617561,0.3166930093904509,-0.08276999581705591,-0.8333690629536474,-0.3649071965436762,-0.6021704041173468
-0.4167538378490286,-0.48379192993600134,-1.1442449592485708,-0.5661359504617561,0.29738055021398724,0.1942132003467185,-0.8333690629536474,-0.3649071965436762,-0.6887560569914216
-0.4164447016341255,0.7530326561612543,0.5622612845155089,-0.7800331898546696,0.356927299341419,-0.5266533230025909,-0.8333690629536474,-0.1731746146229849,-0.694433804720869
-0.41795958315955445,0.7530326561612543,0.5622612845155089,-0.7800331898546696,-0.01483753980552038,-1.4037667775212086,-0.8333690629536474,-0.1731746146229849,-0.9712240065314356
-0.4163408957464643,0.7530326561612543,0.5622612845155089,-0.7800331898546696,0.046318580919949184,0.3149494653411838,-0.8333690629536474,-0.1731746146229849,-0.34951063015693223
-0.407317768588224,-0.48379192993600134,-1.2205461842492005,-0.9425950917932842,0.6514423017825007,-0.3775085250682512,-0.7976796356677058,-0.26904090558333055,-0.9087687815075128
-0.40811627541638684,-0.48379192993600134,-1.2205461842492005,-0.9425950917932842,-0.09208737651137802,0.04151733579489396,-0.7976796356677058,-0.26904090558333055,-0.24305286022979125
-0.40745579619709216,-0.48379192993600134,-1.2205461842492005,-0.9425950917932842,2.9753748893503844,0.2687855993138882,-0.7976796356677058,-0.26904090558333055,-1.2551113930038114
-0.4119000570578386,-0.48379192993600134,-1.2205461842492005,-0.9425950917932842,2.574641361438747,-1.119681448122466,-0.7976796356677058,-0.26904090558333055,-1.3459553566749718
-0.4134137978592273,-0.48379192993600134,-1.2205461842492005,-0.9425950917932842,1.9244552358311127,-0.21060839404648984,-0.7976796356677058,-0.26904090558333055,-0.9740628803961593
-0.4042811611931247,-0.48379192993600134,-0.38856936549233595,-0.30090337361454284,0.8155982047824486,0.4072771973957754,-0.15526994452075651,1.1210203133416856,-0.5155847512432722
-0.4081984075472836,-0.48379192993600134,-0.38856936549233595,-0.30090337361454284,0.9025042710765374,0.10188546829212686,-0.15526994452075651,1.1210203133416856,-0.7639862144066011
-0.3951439616308611,-0.48379192993600134,-0.38856936549233595,-0.30090337361454284,0.29738055021398724,0.6025858613574109,-0.15526994452075651,1.1210203133416856,-0.34383288242748455
-0.39710030335986013,-0.48379192993600134,-0.38856936549233595,-0.30090337361454284,-0.1339310380603853,0.6736071937070965,-0.15526994452075651,1.1210203133416856,0.05502889556620346
-0.40531465717357545,-0.48379192993600134,-0.38856936549233595,-0.30090337361454284,-0.08564989011922394,0.7659349257616876,-0.15526994452075651,1.1210203133416856,-0.10252860392596512
-0.40611088255365785,-0.48379192993600134,-0.38856936549233595,-0.30090337361454284,-0.5942113150994527,1.0038563891331347,-0.15526994452075651,1.1210203133416856,0.4851182860718529
-0.4017099692064403,-0.48379192993600134,-0.38856936549233595,-0.30090337361454284,-0.6183518890700327,0.8334051914938893,-0.15526994452075651,1.1210203133416856,0.7959749742591048
-0.4062762875394916,-0.48379192993600134,-0.38856936549233595,-0.30090337361454284,-0.15002475404077198,0.5954837281224422,-0.15526994452075651,1.1210203133416856,0.1472922961697257
-0.4066356156121649,-0.48379192993600134,-0.38856936549233595,-0.30090337361454284,0.40842719047865744,1.0180606556030716,-0.15526994452075651,1.1210203133416856,-0.11104522552013646
-0.3911662569025698,-0.48379192993600134,-0.38856936549233595,-0.30090337361454284,0.014131148959175879,0.8085477251714992,-0.15526994452075651,1.1210203133416856,0.3545300882945603
-0.4089273302089923,-0.48379192993600134,-0.38856936549233595,-0.30090337361454284,-0.040587485374139594,-0.4982447900627167,-0.15526994452075651,1.1210203133416856,-0.00742632945771918
-0.40973610355351725,-0.48379192993600134,-0.1758063342405806,-0.06989435507019578,0.7962857456059834,0.4676453298930078,0.1302454737667765,-0.3649071965436762,-0.41054641824849303
-0.4071751780831949,-0.48379192993600134,-0.1758063342405806,-0.06989435507019578,-0.4944302760210529,0.868915857668732,0.1302454737667765,-0.3649071965436762,0.44821292583044436
-0.3959014023935756,-0.48379192993600134,-0.1758063342405806,-0.06989435507019578,-0.20635275997212668,0.9576925231058391,0.1302454737667765,-0.3649071965436762,0.5731233758782897
-0.40500552095867237,-0.48379192993600134,-0.1758063342405806,-0.06989435507019578,0.05436543891014251,0.5599730619475994,0.1302454737667765,-0.3649071965436762,-0.36938274720999864
-0.401693999069877,-0.48379192993600134,-0.1758063342405806,-0.06989435507019578,-0.47028970205047294,0.7020157266469707,0.1302454737667765,-0.3649071965436762,0.3843382638741596
-0.40622951785384204,-0.48379192993600134,-0.1758063342405806,-0.06989435507019578,-0.07116554573687509,0.14449826770193833,0.1302454737667765,-0.3649071965436762,-0.14369227496445977
-0.4040165132157907,-0.48379192993600134,-0.1758063342405806,-0.06989435507019578,-0.3206181434328739,0.5031559960678506,0.1302454737667765,-0.3649071965436762,-0.3906743011954266
-0.4063435902578653,-0.48379192993600134,-0.1758063342405806,-0.06989435507019578,-0.5604145115406401,0.16580466740684383,0.1302454737667765,-0.3649071965436762,0.3289802235120462
-0.4047260435688154,-0.48379192993600134,-0.1758063342405806,-0.06989435507019578,-0.7873359068640968,-0.11472959537441414,0.1302454737667765,-0.3649071965436762,0.07915932341635541
-0.4133693096216583,-0.48379192993600134,2.119099740778354,0.22100589050416622,-0.5636332547367172,0.04506840241237855,-1.3211245691948497,0.2582236946985731,0.18703653027585823
-0.41306587702695635,-0.48379192993600134,2.119099740778354,0.22100589050416622,-0.3479774605995324,0.5564219953301148,-1.3211245691948497,0.2582236946985731,0.1728421609522395
-0.4106315719250999,-0.48379192993600134,2.119099740778354,0.22100589050416622,-0.4171804393151953,0.868915857668732,-1.3211245691948497,0.2582236946985731,0.6923560781966875
-0.40408495665820465,-0.48379192993600134,2.119099740778354,0.22100589050416622,-0.5861644571092594,1.0145095889855873,-1.3211245691948497,0.2582236946985731,1.7540949036033737
-0.41000417370297193,-0.48379192993600134,2.119099740778354,0.22100589050416622,-0.5491489103543699,0.9718967895757759,-1.3211245691948497,0.2582236946985731,0.6426757855640215
-0.40195864704721096,-0.48379192993600134,2.119099740778354,0.22100589050416622,-0.37694614936422866,0.7091178598819393,-1.3211245691948497,0.2582236946985731,0.24949175529978113
-0.37705321907681133,-0.48379192993600134,2.119099740778354,0.22100589050416622,-0.9772417554326625,0.9647946563408072,-1.3211245691948497,0.2582236946985731,2.0166907360903217
-0.39167730127259404,-0.48379192993600134,1.5673831907738023,0.5889091422599781,-0.8484920275895679,0.9789989228107445,0.15998666317172786,1.264819749782205,0.5873177452019086
-0.384116582333932,-0.48379192993600134,1.5673831907738023,0.5889091422599781,0.3392242117629931,1.0784287881003043,0.15998666317172786,1.264819749782205,0.3318190973767702
-0.32071285872972033,-0.48379192993600134,1.5673831907738023,0.5889091422599781,-0.9386168370797351,0.932835056783449,0.15998666317172786,1.264819749782205,0.7505529924235246
-0.38244770306307163,-0.48379192993600134,1.5673831907738023,0.5889091422599781,0.38267724491003824,1.081979854717789,0.15998666317172786,1.264819749782205,-0.06420380675219442
-0.2851576311197086,-0.48379192993600134,1.5673831907738023,0.5889091422599781,0.17024019396892898,1.0393670553079775,0.15998666317172786,1.264819749782205,-0.11246466245249831
-0.3539307427812954,-0.48379192993600134,1.5673831907738023,0.5889091422599781,0.24427128747870958,1.0464691885429462,0.15998666317172786,1.264819749782205,-0.2742804727417527
-0.38361580448026983,-0.48379192993600134,1.5673831907738023,0.5889091422599781,-0.6408830914425748,0.9576925231058391,0.15998666317172786,1.264819749782205,0.28071936781174234
-0.309885106139832,-0.48379192993600134,1.5673831907738023,0.5889091422599781,-0.745492245315091,1.0642245216303676,0.15998666317172786,1.264819749782205,0.6043509883902508
-0.35761185925912614,-0.48379192993600134,1.5673831907738023,0.5889091422599781,0.18472453835127783,1.0571223883953988,0.15998666317172786,1.264819749782205,0.5546706957575853
-0.3844348443411569,-0.48379192993600134,1.5673831907738023,0.5889091422599781,-0.44775849967793074,0.8902222573736375,0.15998666317172786,1.264819749782205,0.5461540741634138
-0.38104803466570614,-0.48379192993600134,1.5673831907738023,0.5889091422599781,0.3762397585178827,1.0642245216303676,0.15998666317172786,1.264819749782205,0.2182641427878197
-0.39274387825021156,-0.48379192993600134,1.5673831907738023,0.5889091422599781,-0.5845550855112202,1.0571223883953988,0.15998666317172786,1.264819749782205,1.1735451982673648
-0.3591244593364747,-0.48379192993600134,1.5673831907738023,0.5889091422599781,-0.11139983568784315,1.0464691885429462,0.15998666317172786,1.264819749782205,0.7675862356118673
-0.3880555024448553,-0.48379192993600134,1.5673831907738023,0.5889091422599781,-0.07438428893295214,0.8937733239911216,0.15998666317172786,1.264819749782205,1.5766652870581386
-0.23545628468677168,-0.48379192993600134,1.5673831907738023,0.5889091422599781,-1.9332084846676505,1.1210415875101158,0.15998666317172786,1.264819749782205,3.0315881427290647
-0.042399007393756315,-0.48379192993600134,1.2284296720210053,2.7022138674619662,-1.3152097910207907,1.1210415875101158,-0.04225342478194135,-1.8508347064290396,1.9542355110663987
0.046161103469706165,-0.48379192993600134,1.2284296720210053,2.7022138674619662,-1.2106006371482747,1.1210415875101158,-0.04225342478194135,-1.8508347064290396,1.8974580337719238
-0.10414754041559038,-0.48379192993600134,1.2284296720210053,2.7022138674619662,-2.1198955900401404,1.0429181219254615,-0.04225342478194135,-1.8508347064290396,2.304836433359783
-0.149822130986506,-0.48379192993600134,1.2284296720210053,2.7022138674619662,-0.14519663924665568,1.1210415875101158,-0.04225342478194135,-1.8508347064290396,2.093340330437863
-0.1754074304848843,-0.48379192993600134,1.2284296720210053,2.7022138674619662,-0.9531011814620824,1.1210415875101158,-0.04225342478194135,-1.8508347064290396,0.5106681508543668
-0.15104498715763542,-0.48379192993600134,1.2284296720210053,2.7022138674619662,-2.0828800432852494,0.9683457229582918,-0.04225342478194135,-1.8508347064290396,2.3389029197364684
-0.15533753172103093,-0.48379192993600134,1.2284296720210053,2.7022138674619662,-1.664443427795188,0.9008754572260903,-0.04225342478194135,-1.8508347064290396,2.1671510509206806
-0.10936863434773526,-0.48379192993600134,1.2284296720210053,2.7022138674619662,-1.0029917010012817,0.9399371900184177,-0.04225342478194135,-1.8508347064290396,1.1919978783880691
-0.23226682027028117,-0.48379192993600134,1.2284296720210053,2.7022138674619662,-0.1580716120309653,1.0251627888380401,-0.04225342478194135,-1.8508347064290396,0.14871173310208755
-0.2505503451871302,-0.48379192993600134,1.2284296720210053,2.7022138674619662,-1.3136004194227515,1.1210415875101158,-0.04225342478194135,-1.8508347064290396,0.032317904648413366
-0.2927274758506926,-0.48379192993600134,1.2284296720210053,2.7022138674619662,-1.9444740858539222,0.694913593412002,-0.04225342478194135,-1.8508347064290396,-0.13233677950556472
-0.1760770354965009,-0.48379192993600134,1.2284296720210053,2.7022138674619662,-0.8227420820209486,1.0677755882478517,-0.04225342478194135,-1.8508347064290396,0.38859657467124514
-0.25995789634692895,-0.48379192993600134,1.2284296720210053,2.7022138674619662,-0.14680601084469494,0.9789989228107445,-0.04225342478194135,-1.8508347064290396,0.2934943002029992
-0.017992075828938338,-0.48379192993600134,1.2284296720210053,2.7022138674619662,-0.10979046408980392,0.5031559960678506,-0.04225342478194135,-1.8508347064290396,0.2792999308793805
-0.14214049529957926,-0.48379192993600134,1.2284296720210053,2.7022138674619662,-1.5260374703638593,0.907977590461059,-0.04225342478194135,-1.8508347064290396,0.43827686730391113
-0.2816624526604357,-0.48379192993600134,1.2284296720210053,0.4263472403213636,1.1632224699588065,1.0287138554555246,-0.04225342478194135,-1.8508347064290396,-1.20117278957406
-0.2680581777566211,-0.48379192993600134,1.2284296720210053,0.4263472403213636,-0.24819642152113255,1.1210415875101158,-0.04225342478194135,-1.8508347064290396,-0.9399963940194742
-0.25868370759398907,-0.48379192993600134,1.2284296720210053,2.7022138674619662,0.46636456800804993,1.1210415875101158,-0.04225342478194135,-1.8508347064290396,-0.8037304485127338
-0.2759725211477552,-0.48379192993600134,1.2284296720210053,0.4263472403213636,0.04792795251798842,0.8582626578162788,-0.04225342478194135,-1.8508347064290396,-1.072004028729129
-0.16544776888961293,-0.48379192993600134,1.2284296720210053,0.4263472403213636,-0.5893832003053364,0.8298541248764046,-0.04225342478194135,-1.8508347064290396,-0.20046975225893474
-0.08769145541119404,-0.48379192993600134,1.2284296720210053,0.4263472403213636,-0.19186841558977785,0.8724669242862161,-0.04225342478194135,-1.8508347064290396,-0.46022671088115874
-0.21587689726021833,-0.48379192993600134,1.2284296720210053,0.4263472403213636,-0.5523676535504468,0.38241973107338534,-0.04225342478194135,-1.8508347064290396,-0.12949790564084077
-0.15882700656010265,-0.48379192993600134,1.2284296720210053,0.4263472403213636,0.1589745927826586,0.9825499894282287,-0.04225342478194135,-1.8508347064290396,-0.2771193466064764
-0.14181538894811296,-0.48379192993600134,1.2284296720210053,0.4263472403213636,0.29255243541987097,0.9505903898708704,-0.04225342478194135,-1.8508347064290396,-0.24589173409451495
-0.2835058627094517,-0.48379192993600134,1.2284296720210053,0.4263472403213636,-0.5555863967465239,0.9292839901659644,-0.04225342478194135,-1.8508347064290396,0.19555315187002958
-0.15728702910578854,-0.48379192993600134,1.2284296720210053,0.4263472403213636,-0.5475395387563305,1.0251627888380401,-0.04225342478194135,-1.8508347064290396,-0.14511171189682162
-0.4053671304794262,-0.48379192993600134,-1.0503357592477962,-0.3864622693717084,-1.0432259909522497,0.7126689264994235,-0.6787148780479003,-0.9401049423057518,0.23245851211143842
-0.410769599533968,-0.48379192993600134,-1.0503357592477962,-0.3864622693717084,0.31508363779241316,0.5564219953301148,-0.6787148780479003,-0.9401049423057518,-0.5695233546730237
-0.4116034688073781,-0.48379192993600134,-1.0503357592477962,-0.3864622693717084,-0.5813363423151431,0.009557736237535728,-0.6787148780479003,-0.9401049423057518,-0.4843571387313107
-0.4136373797711129,-0.48379192993600134,-1.0503357592477962,-0.3864622693717084,0.5243019455374439,-1.2546219795868687,-0.6787148780479003,-0.9401049423057518,-1.096134456579281
-0.4132290005647096,-0.48379192993600134,-1.0503357592477962,-0.3864622693717084,-0.3222275150309132,-0.7539215865215849,-0.6787148780479003,-0.9401049423057518,-0.4176436029103025
-0.4150507368569612,-0.48379192993600134,-1.0503357592477962,-0.3864622693717084,0.15253710639050452,0.17645786725929707,-0.6787148780479003,-0.9401049423057518,-0.9598685110725405
-0.4136624756999981,-0.48379192993600134,-1.0503357592477962,-0.3864622693717084,1.0296446273215956,0.2119685334341399,-0.6787148780479003,-0.9401049423057518,-0.8704439843337421
-0.41464577982267864,-0.48379192993600134,-1.2836414279997213,-0.5746918400374726,1.2227692190862398,-0.35620212536334545,-1.2913833797898984,-0.3649071965436762,-1.1372981276177756
-0.41372407479817064,-0.48379192993600134,-1.2836414279997213,-0.5746918400374726,2.4861259235466178,0.5280134623902407,-1.2913833797898984,-0.3649071965436762,-0.7796000206625818
-0.4133818575861008,-0.48379192993600134,-1.2836414279997213,-0.5746918400374726,-0.12266543687411352,-0.2212615938989426,-1.2913833797898984,-0.3649071965436762,-0.5113264404461866
-0.4108551538369855,-0.48379192993600134,-1.2836414279997213,-0.5746918400374726,1.5044092487430119,0.844058391346342,-1.2913833797898984,-0.3649071965436762,-1.1685257401297369
-0.4098227985805749,-0.48379192993600134,-1.2836414279997213,-0.5746918400374726,0.5516612627041009,0.9647946563408072,-1.2913833797898984,-0.3649071965436762,-1.0464541639466152
-0.41176202944897045,-0.48379192993600134,-1.2836414279997213,-0.5746918400374726,-0.9917260998150114,0.758832792526719,-1.2913833797898984,-0.3649071965436762,0.1316784899137451
-0.41434120650393647,-0.48379192993600134,-1.2836414279997213,-0.5746918400374726,-0.1081810924917661,0.013108802855019808,-1.2913833797898984,-0.3649071965436762,0.013865224527709068
-0.4122559629583912,1.5039618691488739,-1.1398429654985347,-1.0110422083990167,0.9041136426745766,-0.9705366501881261,-0.07199461418689271,-1.6111689790281747,-0.9045104707104272
-0.4068899970731368,1.5039618691488739,-1.1398429654985347,-1.0110422083990167,0.5403956615178306,-1.39666464428624,-0.07199461418689271,-1.6111689790281747,-1.205431100371146
-0.411691304558476,1.5039618691488739,-1.1398429654985347,-1.0110422083990167,1.5526903966841719,-1.0486601157727804,-0.07199461418689271,-1.6111689790281747,-1.0876178349851098
-0.41089507917839363,1.5039618691488739,-1.1398429654985347,-1.0110422083990167,1.1760974427431161,-1.6665457072150454,-0.07199461418689271,-1.6111689790281747,-1.1287815060236042
-0.41335562093317546,1.5039618691488739,-1.1398429654985347,-1.0110422083990167,0.8349106639589123,-1.3362965117890073,-0.07199461418689271,-1.6111689790281747,-1.1869784202504412
-0.4113559316906476,1.5039618691488739,-1.1398429654985347,-1.0110422083990167,1.5414247954979015,-1.4960945095758,-0.07199461418689271,-1.6111689790281747,-1.4453159419403032
-0.41874440129923457,2.166546468843832,-1.2146768592491521,-1.3190542331248123,0.9330823314392729,-2.078469434843222,-0.8631102523585987,-1.4194363971074826,-1.1387175645501373
-0.41959766288132855,2.166546468843832,-1.2146768592491521,-1.3190542331248123,0.6176454982236882,-1.762424505887121,-0.8631102523585987,-1.4194363971074826,-1.2309809651536596
-0.4166637206498502,3.0499926017704433,-1.4215705655008593,-1.2933865643976625,1.7168462996841196,-1.219111313412026,-0.4824230279752214,-2.8574307615126724,-1.273564073124516
-0.4159165464034978,3.0499926017704433,-1.4215705655008593,-1.2933865643976625,1.4271594120371542,-1.1303346479749188,-0.4824230279752214,-2.8574307615126724,-0.6305591427645845
-0.41694091659162674,3.0499926017704433,-1.4215705655008593,-1.2933865643976625,1.6959244689096167,-1.069966515477686,-0.4824230279752214,-2.8574307615126724,-0.9130270923045984
-0.4176458840484905,3.7125772014654017,-1.4289072217509196,-1.301942453973379,1.214722361096045,-1.886711837499071,-0.048201662662931626,-0.7483723603850605,-1.205431100371146
-0.4192109574316897,3.7125772014654017,-1.4289072217509196,-1.301942453973379,1.4722218167822372,-1.936426770143851,-0.048201662662931626,-0.7483723603850605,-1.2210449066271265
-0.41730937045662186,3.1604233683862697,-1.3467366717502418,-1.1992717790647809,-0.09369674810941726,-1.0664154488602018,-0.36940650823640625,-1.8508347064290396,-0.7980527007832863
-0.41875580853963684,3.1604233683862697,-1.3467366717502418,-1.1992717790647809,2.2366733258506204,-1.8725075710291337,-0.36940650823640625,-1.8508347064290396,-1.4112494555636184
-0.40567740741836944,-0.48379192993600134,-0.09070112173987839,-0.5661359504617561,-0.5298364511779047,-1.6381371742751714,-0.7917313977867155,0.018557967297708106,-0.3097663960507997
-0.39503787429511944,-0.48379192993600134,-0.09070112173987839,-0.5661359504617561,0.17024019396892898,-0.565715055794918,-0.7917313977867155,0.018557967297708106,-0.2955720267271807
-0.3924940596854006,-0.48379192993600134,-0.09070112173987839,-0.5661359504617561,-0.7036485837660836,0.151600400936907,-0.7917313977867155,0.018557967297708106,0.7108087583173918
-0.4057401472405822,-0.48379192993600134,-0.09070112173987839,-0.5661359504617561,-0.2514151647172096,-0.3313446590409554,-0.7917313977867155,0.018557967297708106,0.2282002013143529
-0.3715366776182462,-0.48379192993600134,-0.09070112173987839,-0.5661359504617561,-1.4101627153050729,1.1210415875101158,-0.7917313977867155,0.018557967297708106,1.4247855352954175
-0.40133809316932445,-0.48379192993600134,-0.09070112173987839,-0.5661359504617561,-0.4187898109132345,0.8405073247288574,-0.7917313977867155,0.018557967297708106,0.5986732406608034
-0.3783730367913606,-0.48379192993600134,-0.09070112173987839,-0.5661359504617561,-1.3136004194227515,0.7162199931169075,-0.7917313977867155,0.018557967297708106,1.551115422275625
-0.39646377934541027,-0.48379192993600134,-0.09070112173987839,-0.5661359504617561,-0.6650236654131548,-0.5195511897676225,-0.7917313977867155,0.018557967297708106,0.42266306104793055
-0.40520971056187405,-0.48379192993600134,-0.09070112173987839,-0.5661359504617561,0.24909940227282587,-1.2830305125267432,-0.7917313977867155,0.018557967297708106,-0.5212624989727196
-0.3882095001902867,-0.48379192993600134,-0.09070112173987839,-0.5661359504617561,-1.300725446638442,-2.0820205014607063,-0.7917313977867155,0.018557967297708106,2.341741793601192
-0.3986505473305363,-0.48379192993600134,-0.09070112173987839,-0.5661359504617561,-0.06150931614864253,-0.9243727841608306,-0.7917313977867155,0.018557967297708106,-0.5084875665814627
-0.4160374631517625,-0.48379192993600134,0.3935181907641169,-0.04422668634304612,-0.5346645659720209,-0.44142772418296816,-0.7976796356677058,-1.035971233266099,0.06496495409273666
-0.4132392670810718,-0.48379192993600134,0.3935181907641169,-0.04422668634304612,0.6788016189491592,0.5919326615049576,-0.7976796356677058,-1.035971233266099,-0.47725995406950145
-0.4086124903738881,-0.48379192993600134,0.3935181907641169,-0.04422668634304612,-0.43327415529558333,0.9008754572260903,-0.7976796356677058,-1.035971233266099,0.690936641264326
-0.40820639261556524,-0.48379192993600134,0.3935181907641169,-0.04422668634304612,0.2458806590767488,0.8511605245813106,-0.7976796356677058,-1.035971233266099,-0.3622855625481891
-0.38039097761853213,-0.48379192993600134,-0.7348595404951932,-0.4121299380988581,1.1760974427431161,0.7126689264994235,-0.6132842613570074,-0.5566397784643692,-0.4744210802047775
-0.37473070493089766,-0.48379192993600134,-0.7348595404951932,-0.4121299380988581,-0.09047800491334022,0.8120987917889833,-0.6132842613570074,-0.5566397784643692,1.1934173153204313
-0.3501081765224757,-0.48379192993600134,-0.7348595404951932,-0.4121299380988581,1.0602226876843297,0.3291537318111211,-0.6132842613570074,-0.5566397784643692,-0.4431934676928163
-0.35111885802212184,-0.48379192993600134,-0.7348595404951932,-0.4121299380988581,0.6401767005962303,0.4392367969531336,-0.6132842613570074,-0.5566397784643692,-0.7739222729331343
-0.37764753630177256,-0.48379192993600134,-0.7348595404951932,-0.43779760682600777,2.928703113007259,0.6416475941497378,-0.6132842613570074,-0.5566397784643692,-1.4084105816988948
-0.374197986804109,-0.48379192993600134,-0.7348595404951932,-0.43779760682600777,1.5172842215273215,0.4072771973957754,-0.6132842613570074,-0.5566397784643692,-0.9499324525460073
-0.370844258125825,-0.48379192993600134,-0.7348595404951932,-0.43779760682600777,0.533958175125675,-1.6700967738325296,-0.6132842613570074,-0.5566397784643692,-1.318986054960096
-0.35998228381472963,-0.48379192993600134,-0.7348595404951932,-0.43779760682600777,-0.38499300735442193,-0.011748663467370265,-0.6132842613570074,-0.5566397784643692,-0.1990503153265729
-0.36842820460861225,-0.48379192993600134,-0.7348595404951932,-0.43779760682600777,1.9180177494389572,0.30074519887124695,-0.6132842613570074,-0.5566397784643692,-1.107489952038176
-0.3556144514646788,-0.48379192993600134,-0.7348595404951932,-0.4121299380988581,3.406686477624754,0.1729068006418125,-0.6132842613570074,-0.5566397784643692,-1.5020934192347786
-0.37014499428916237,-0.48379192993600134,-0.7348595404951932,-0.4121299380988581,0.8139888331844094,-0.06856572934711858,-0.6132842613570074,-0.5566397784643692,-0.7100476109768495
-0.3835439388657352,-0.48379192993600134,-0.7348595404951932,-0.4121299380988581,-0.21600898956035783,-0.24611906022133268,-0.6132842613570074,-0.5566397784643692,-0.30834695911843757
-0.36185535268879165,-0.48379192993600134,-0.7348595404951932,-0.4121299380988581,0.6610985313707333,0.2865409324013096,-0.6132842613570074,-0.5566397784643692,-0.4985515080549297
-0.3628534862239952,-0.48379192993600134,-0.7348595404951932,-0.4121299380988581,1.8311116831448668,0.11253866814457959,-0.6132842613570074,-0.5566397784643692,-1.1813006725209938
-0.4118350357875453,0.8413772694539153,-0.9212106092467308,-1.0880452145804658,0.4196927916649278,-1.773077705739574,-0.6549219265239393,-0.9401049423057518,-0.9499324525460073
-0.4106851859549908,0.8413772694539153,-0.9212106092467308,-1.0880452145804658,0.6208642414197653,-0.9314749173957989,-0.6549219265239393,-0.9401049423057518,-0.8065693223774575
-0.40831590212342755,0.8413772694539153,-0.9212106092467308,-1.0880452145804658,1.0891913764490273,-0.5017958566802011,-0.6549219265239393,-0.9401049423057518,-0.2373751125003436
-0.4091338012602744,0.8413772694539153,-0.9212106092467308,-1.0880452145804658,-0.20152464517801041,-0.11828066199189873,-0.6549219265239393,-0.9401049423057518,-0.09259254539943192
-0.4095011144012293,0.8413772694539153,-0.9212106092467308,-1.0880452145804658,0.2217400851061674,-0.551510789324981,-0.6549219265239393,-0.9401049423057518,-0.2600861034181337
-0.40668694819397533,0.8413772694539153,-0.9212106092467308,-1.0880452145804658,0.2780680910375221,-2.1530418338103923,-0.6549219265239393,-0.9401049423057518,-1.1160065736323472
-0.39773112375410874,0.4879988162832709,-0.7847488029956048,-1.062377545853316,-1.0094291873934371,0.2865409324013096,-0.47647479009423116,0.2582236946985731,-0.07839817607581318
-0.3994136917134519,0.4879988162832709,-0.7847488029956048,-1.062377545853316,-0.990116728216972,0.06282373549979996,-0.47647479009423116,0.2582236946985731,0.7675862356118673
-0.3824739397159969,0.4879988162832709,-0.7847488029956048,-1.062377545853316,-0.18060281440350748,-1.1907027804721517,-0.47647479009423116,0.2582236946985731,-0.552490111484681
-0.39881595231637,0.4879988162832709,-0.7847488029956048,-1.062377545853316,0.009303034165059598,0.38241973107338534,-0.47647479009423116,0.2582236946985731,-0.4119658551808549
-0.4024868022778387,0.4879988162832709,-0.7847488029956048,-1.062377545853316,0.3424429549590702,-0.6864513207893835,-0.47647479009423116,0.2582236946985731,-0.5013903819196533
-0.3994821351558659,0.4879988162832709,-0.7847488029956048,-1.062377545853316,0.8011138604000998,-1.8085883719144167,-0.47647479009423116,0.2582236946985731,-0.9215437138987698
-0.4052348064907592,0.4879988162832709,-0.7847488029956048,-1.062377545853316,0.4293490212531604,-1.9683863697012094,-0.47647479009423116,0.2582236946985731,-1.0152265514346537
-0.3968174037978824,0.4879988162832709,-0.7847488029956048,-1.062377545853316,0.35048981294926346,-2.1139801010180648,-0.47647479009423116,0.2582236946985731,-1.343116482810248
-0.4118612724404707,0.4879988162832709,-0.7847488029956048,-1.062377545853316,1.1857536723313487,-2.188552499985235,-0.47647479009423116,0.2582236946985731,-1.3516331044044194
-0.3791532920348797,0.4879988162832709,-0.7847488029956048,-1.062377545853316,3.2811554929777365,-2.131735434105486,-0.47647479009423116,0.2582236946985731,-1.3502136674720575
-0.4157420156253422,3.0499926017704433,-1.1104963404982924,-1.3960572393062614,-0.18060281440350748,-1.2936837123791958,-0.5656983583090852,-1.035971233266099,-0.9201242769664079
-0.4171918758804779,3.0499926017704433,-1.1104963404982924,-1.3960572393062614,-0.5539770251484847,-1.751771306034668,-0.5656983583090852,-1.035971233266099,-0.5397151790934241
-0.41948473120134555,3.491715668233749,-1.0943556967481594,-1.378945460154828,1.9856113565565823,-1.2155602467945414,-0.9880232478593944,-1.2756369606669633,-1.4112494555636184
-0.3455509839817462,0.3996542029906098,-1.0620744092478929,0.7856946025014591,1.7908773931939004,1.1210415875101158,-0.869058490239589,-2.6656981795919803,-0.7469529712182585
-0.3463335206733459,0.3996542029906098,-1.0620744092478929,0.7856946025014591,1.000675938556898,1.1210415875101158,-0.869058490239589,-2.6656981795919803,-0.8732828581984659
-0.3596275186382173,0.3996542029906098,-1.0620744092478929,0.7856946025014591,1.5816590854488695,0.47474746312797644,-0.869058490239589,-2.6656981795919803,-0.49145432339312023
-0.3603108123383166,0.3996542029906098,-1.0620744092478929,0.7856946025014591,2.091829882027136,0.7446285260567822,-0.869058490239589,-2.6656981795919803,-0.8221831286334382
-0.327099772630983,0.3996542029906098,-1.0620744092478929,0.7856946025014591,1.7812211636056678,0.9257329235484804,-0.869058490239589,-2.6656981795919803,-0.25582779262104816
-0.35849135749414557,0.3996542029906098,-1.0620744092478929,0.7856946025014591,1.5864872002429857,0.822751991641436,-0.869058490239589,-2.6656981795919803,-0.7029504263150403
-0.3343593404230237,0.3996542029906098,-1.0620744092478929,0.7856946025014591,-1.062538450128715,-0.1999551941940371,-0.869058490239589,-2.6656981795919803,-0.36938274720999864
-0.3316124769341434,0.3996542029906098,-1.0620744092478929,0.7856946025014591,1.2774878534195553,0.5741773284175362,-0.869058490239589,-2.6656981795919803,0.24665288143505718
-0.3595830304006482,0.3996542029906098,-1.0620744092478929,0.16967055304986686,2.0113613021252013,-0.5621639891774337,-0.869058490239589,-2.6656981795919803,-1.4041522709018088
-0.4108985013505143,0.3996542029906098,-0.6233423654942731,-0.7800331898546696,-0.48316467483478254,-0.24611906022133268,-1.1129362433601901,0.018557967297708106,0.08483707114580305
-0.38711326438762317,0.3996542029906098,-0.6233423654942731,-0.7800331898546696,-0.5861644571092594,-0.9350259840132833,-1.1129362433601901,0.018557967297708106,-0.00742632945771918
-0.4027468873590117,0.3996542029906098,-0.6233423654942731,-0.7800331898546696,0.03183423653760177,-1.8512011713242282,-1.1129362433601901,0.018557967297708106,-0.9172854031016842
-0.4081664672741571,0.3996542029906098,-0.6233423654942731,-0.7800331898546696,0.5114269727531343,-0.34554892551089245,-1.1129362433601901,0.018557967297708106,-0.7554695928124298
-0.39592877977054114,0.3996542029906098,-0.6233423654942731,-0.7800331898546696,2.3670324252917543,-0.5905725221173082,-1.1129362433601901,0.018557967297708106,-0.918704840034046
-0.41480091829215027,1.2831003359172208,-0.7040455842449389,-0.9254833126418511,0.8654887243216478,-1.2617241128218373,-0.9285408690494917,-0.4607734875040218,-1.3516331044044194
-0.41028365109282894,1.2831003359172208,-0.7040455842449389,-0.9254833126418511,1.019988397733363,-0.9101685176908935,-0.9285408690494917,-0.4607734875040218,-1.4297021356843227
-0.40929692479802765,1.2831003359172208,-0.7040455842449389,-0.9254833126418511,1.6846588677233465,-0.6900023874068679,-0.9285408690494917,-0.4607734875040218,-0.9939349974492256
-0.4142499485807179,1.2831003359172208,-0.7040455842449389,-0.9254833126418511,0.9749259929882788,-1.4499306435485042,-0.9285408690494917,-0.4607734875040218,-1.262208577665621
-0.4121384683822472,1.2831003359172208,-0.7040455842449389,-0.9254833126418511,0.42130216326296704,-1.2901326457617115,-0.9285408690494917,-0.4607734875040218,-0.8321191871599712
-0.39724061241680875,0.3996542029906098,-1.1559836092486677,-0.9605624599022888,0.952394790615738,-1.2865815791442272,-1.154573908527122,-1.754968415468693,-1.1642674293326511
-0.4170127822061614,0.3996542029906098,-1.1559836092486677,-0.9605624599022888,1.2034567599097745,-1.1090282482700131,-1.154573908527122,-1.754968415468693,-1.20117278957406
-0.4202056687947726,3.491715668233749,-1.2088075342491036,-1.3276101227005288,1.3965813516744188,-1.6914031735374355,-0.7441454947387933,-1.563235833548001,-0.7384363496240873
-0.4199889312271284,1.9456849356121795,-1.3144553842499753,-1.421724908033411,0.3746303869198449,-1.29723477899668,-0.6549219265239393,-1.563235833548001,-0.6844977461943358
-0.4189976420361662,3.0499926017704433,-1.3863546155005686,-1.4559484663362772,0.015740520557215115,-1.3114390454666172,-1.0058679615023653,-0.1731746146229849,-0.017362387984252377
-0.4168234220154827,1.835254168996353,-0.8639846904962585,-1.284830674821946,-0.018056283001598856,-1.318541178701586,-0.6965595916908711,-0.9401049423057518,-0.8392163718217808
-0.41600324143055545,1.835254168996353,-0.8639846904962585,-1.284830674821946,0.15253710639050452,-0.8107386524013335,-0.6965595916908711,-0.9401049423057518,-0.7739222729331343
-0.41633747357434364,1.835254168996353,-0.8639846904962585,-1.284830674821946,0.5548800059001794,-1.6168307745702655,-0.6965595916908711,-0.9401049423057518,-0.5028098188520153
-0.41724434918632863,3.0499926017704433,-0.9182759467467065,-1.2334953373676472,1.0312539989196334,-1.4392774436960514,-0.9820750099784041,0.30615684017874506,-1.3800218430516569
-0.4122434149939486,3.0499926017704433,-0.9182759467467065,-1.2334953373676472,1.4931436475567401,-1.44637957693102,-0.9820750099784041,0.30615684017874506,-1.3473747936073337
-0.4171154473697823,3.0499926017704433,-0.9182759467467065,-1.2334953373676472,0.6594891597726941,-1.599075441482844,-0.9820750099784041,0.30615684017874506,-1.1855589833180795
-0.41181108058270044,-0.48379192993600134,0.3979201845141531,-1.0110422083990167,-0.15002475404077198,-1.7766287723570582,-0.7203525432148322,-1.2277038151867905,-0.6348174535616701
-0.4118863683693558,-0.48379192993600134,0.3979201845141531,-1.0110422083990167,-0.3399306026093376,-0.9279238507783149,-0.7203525432148322,-1.2277038151867905,-0.3764799318718079
-0.40648732148693467,-0.48379192993600134,0.3979201845141531,-1.0110422083990167,0.7367389964785517,-1.3256433119365543,-0.7203525432148322,-1.2277038151867905,-0.9627073849372644
-0.4151111952310935,-0.48379192993600134,0.3979201845141531,-1.0110422083990167,0.5291300603315602,-0.6189810550571823,-0.7203525432148322,-1.2277038151867905,-0.8037304485127338
-0.40515153363582224,-0.48379192993600134,0.3979201845141531,-1.0110422083990167,-0.6923829825798133,-0.37040639183328256,-0.7203525432148322,-1.2277038151867905,0.3956937593330547
-0.41386324313107903,2.6082695353071377,-1.3159227154999873,-1.3276101227005288,0.20081825433166448,-1.7162606398598252,-0.30992412942650355,-1.8029015609488659,-1.1472341861443087
-0.4148955983874895,2.6082695353071377,-1.3159227154999873,-1.3276101227005288,1.3209408865666004,-2.0749183682257377,-0.30992412942650355,-1.8029015609488659,-1.179881235588632
-0.41620058668951576,2.6082695353071377,-1.3159227154999873,-1.3276101227005288,1.0473477149000214,-0.7468194532866165,-0.30992412942650355,-1.8029015609488659,-0.9910961235845018
-0.41720442384492046,1.0180664960392376,-0.7510001842453263,-1.045265766701883,0.5951142958511461,-0.9953941165105162,-0.4824230279752214,-1.1797706697066168,-0.504229255784377
-0.4106692158184276,1.0180664960392376,-0.7510001842453263,-1.045265766701883,0.44222399403747,-1.7766287723570582,-0.4824230279752214,-1.1797706697066168,-0.6220425211704131
-0.4098319243728968,1.0180664960392376,-0.7510001842453263,-1.045265766701883,1.2259879622823169,-1.801486238679448,-0.4824230279752214,-1.1797706697066168,-1.1628479924002895
-0.4149480716933403,0.9738941893929071,-1.32472670300006,-0.7115860732489376,1.6347683481841457,-0.9705366501881261,-1.1188844812411805,-0.07730832366263925,-0.8690245474013802
-0.41498913775878865,0.9738941893929071,-1.32472670300006,-0.7115860732489376,0.6369579574001519,-0.3668553252157982,-1.1188844812411805,-0.07730832366263925,-0.5851371609290043
-0.41268031230135777,0.9738941893929071,-1.32472670300006,-0.7115860732489376,1.9308927222232668,0.12319186799703284,-1.1188844812411805,-0.07730832366263925,-0.9343186462900267
-0.4156131138087959,0.9738941893929071,-1.32472670300006,-0.7115860732489376,1.0119415397431697,0.06637480211728404,-1.1188844812411805,-0.07730832366263925,-0.7838583314596674
-0.36500375103983373,-0.48379192993600134,-0.19194697799071367,-0.09556202379734546,0.6675360177628874,0.4996049294503665,-0.6311289749999782,-0.07730832366263925,-1.2082699742358696
-0.3813822668094943,-0.48379192993600134,-0.19194697799071367,-0.09556202379734546,-0.39947735173676935,0.2936430656362783,-0.6311289749999782,-0.07730832366263925,-0.4375157199633687
-0.12060362541998672,-0.48379192993600134,-0.19194697799071367,-0.09556202379734546,-2.007239578177431,-1.0877218485651077,-0.6311289749999782,-0.07730832366263925,-0.05852605902274677
-0.33107519591119383,-0.48379192993600134,-0.19194697799071367,-0.09556202379734546,-0.1580716120309653,-0.5550618559424653,-0.6311289749999782,-0.07730832366263925,-1.0038710559757587
-0.391387557366375,-0.48379192993600134,-0.19194697799071367,-0.09556202379734546,-0.31739940023679686,0.780139192231625,-0.6311289749999782,-0.07730832366263925,-0.1891142568000397
-0.390510340579436,-0.48379192993600134,-0.19194697799071367,-0.09556202379734546,0.07367789808660763,0.5102581293028192,-0.6311289749999782,-0.07730832366263925,-0.7313391649622778
-0.3791236332098336,-0.48379192993600134,-0.19194697799071367,-0.09556202379734546,0.5580987490962565,0.6700561270896119,-0.6311289749999782,-0.07730832366263925,-0.5354568682963385
-0.39231496601108407,-0.48379192993600134,-0.19194697799071367,-0.09556202379734546,-0.8291795684131027,0.3291537318111211,-0.6311289749999782,-0.07730832366263925,-0.22034186931200114
-0.3849333407467386,-0.48379192993600134,-0.19194697799071367,-0.09556202379734546,-0.49282090442301507,0.5244623957727566,-0.6311289749999782,-0.07730832366263925,0.7491335554911625
-0.39326632986063814,-0.48379192993600134,-0.19194697799071367,-0.09556202379734546,-0.705257955364123,0.11608973476206419,-0.6311289749999782,-0.07730832366263925,0.4098881286566734
-0.3753797769097901,-0.48379192993600134,-0.19194697799071367,-0.09556202379734546,0.26036500345909624,-0.0437082630247285,-0.6311289749999782,-0.07730832366263925,-0.3821576796012555
-0.36700115883428114,-0.48379192993600134,-0.19194697799071367,-0.09556202379734546,-0.17255595641331273,-0.3419978588934084,-0.6311289749999782,-0.07730832366263925,-0.04575112663148987
-0.402120629860924,-0.48379192993600134,-0.5617144529937647,-0.5319123921588899,0.3311773537727998,-0.5728171890298867,-0.7322490189768128,0.49788942209943804,-0.8306997502276094
-0.40052475692863854,-0.48379192993600134,-0.5617144529937647,-0.5319123921588899,0.2507087738708651,-0.5017958566802011,-0.7322490189768128,0.49788942209943804,-0.8775411689955515
-0.3811837808264938,-0.48379192993600134,-0.5617144529937647,-0.5319123921588899,-0.2884307114720992,-0.6580427878495094,-0.7322490189768128,0.49788942209943804,-0.7597279036095155
-0.3888517278249377,-0.48379192993600134,-0.5617144529937647,-0.5319123921588899,-0.8243514536189864,0.20841746681665532,-0.7322490189768128,0.49788942209943804,-0.186275382935316
-0.3823302084869276,-0.48379192993600134,-0.5617144529937647,-0.5319123921588899,0.3134742661943739,-1.0060473163629688,-0.7322490189768128,0.49788942209943804,-0.9839989389226924
-0.39935323333931955,-0.48379192993600134,-0.5617144529937647,-0.5319123921588899,0.3392242117629931,-1.9080182372039765,-0.7322490189768128,0.49788942209943804,-1.131620379888328
-0.3866216123262829,-0.48379192993600134,-0.5617144529937647,-0.5319123921588899,0.14770899159638823,-1.4037667775212086,-0.7322490189768128,0.49788942209943804,-0.9797406281256068
-0.39374429323349563,-0.48379192993600134,-0.5617144529937647,-0.5319123921588899,-0.2208371043544741,-0.8782089181335347,-0.7322490189768128,0.49788942209943804,-0.037234505037318774
-0.4136909938010039,-0.48379192993600134,-1.1691895904987768,-0.8142567481575358,-0.5668519979327943,-1.5138498426632214,0.11834899800479597,-0.7963055058652342,-0.4375157199633687
-0.41356893632869896,-0.48379192993600134,-1.1691895904987768,-0.8142567481575358,0.18150579515520077,-1.8192415717668695,0.11834899800479597,-0.7963055058652342,-0.8108276331745432
-0.4160557147364062,-0.48379192993600134,-1.1691895904987768,-0.8142567481575358,-0.12266543687411352,-1.2865815791442272,0.11834899800479597,-0.7963055058652342,-0.5624261700112142
-0.4155093079211347,1.0622388026855683,-0.7554021779953627,-1.0033419077808716,-0.8275701968150635,-1.42152211060863,-0.6311289749999782,-0.7963055058652342,-0.08833423460234636
-0.417285415251777,1.0622388026855683,-0.7554021779953627,-1.0033419077808716,-0.30452442745248726,-1.6026265081003284,-0.6311289749999782,-0.7963055058652342,-0.741275223488811
-0.4154408644787208,-0.48379192993600134,-0.8830599967464159,-0.3436828214931256,0.15414647798854234,-1.0770686487126546,-1.1069880054791998,0.785488294980475,-1.0464541639466152
-0.41697513831283367,-0.48379192993600134,-0.8830599967464159,-0.3436828214931256,0.14449024840030977,-1.0628643822427175,-1.1069880054791998,0.785488294980475,-0.894574412183894
-0.4167207568518618,-0.48379192993600134,-0.8830599967464159,-0.3436828214931256,-0.2948681978642547,-1.2049070469420888,-1.1069880054791998,0.785488294980475,-0.7157253587062972
-0.41732990348934607,-0.48379192993600134,-0.8830599967464159,-0.3436828214931256,-0.5652426263347564,-0.7858811860789436,-1.1069880054791998,0.785488294980475,-0.4616461478135206
-0.4177702229688759,-0.48379192993600134,-0.8830599967464159,-0.3436828214931256,-0.5233989647857505,-0.31358932595353395,-1.1069880054791998,0.785488294980475,-0.3537689409540178
-0.41746793109821423,-0.48379192993600134,-0.8830599967464159,-0.3436828214931256,-0.25946202270740293,-1.105477181652529,-1.1069880054791998,0.785488294980475,-0.6447535120882032
-0.41496860472606445,-0.48379192993600134,-0.8830599967464159,-0.3436828214931256,-0.3785555209622664,-0.8178407856363021,-1.1069880054791998,0.785488294980475,-0.47016276940769197
-0.4142225712037523,-0.48379192993600134,-0.8830599967464159,-0.3436828214931256,-0.40591483812892487,-0.3526510587458611,-1.1069880054791998,0.785488294980475,-0.5340374313639767
-0.4197550827988807,1.0622388026855683,-1.4215705655008593,-0.9682627605204339,1.642815206174339,-0.6793491875544152,-0.7500937326197836,-1.4673695425876554,-1.073423465661491
-0.41838963612272223,-0.48379192993600134,-1.367279309250411,-0.318015152765976,0.5146457159492114,-0.3100382593360496,0.0707630949568738,-1.2756369606669633,-0.6248813950351368
-0.4183383035409117,1.9456849356121795,-1.089953702998123,-0.6089153983403389,0.765707685243248,-0.4272234577130311,-0.2385452748546203,-0.4607734875040218,-0.8335386240923333
-0.417761097176554,1.9456849356121795,-1.089953702998123,-0.6089153983403389,1.0521758296941364,-1.4321753104610828,-0.2385452748546203,-0.4607734875040218,-1.1983339157093365
-0.4176880908379791,-0.48379192993600134,-1.0004464967473845,-0.9682627605204339,-0.33188374461914427,-0.7077577204942893,-0.3456135567124452,0.11442425825805375,-0.35802725175110356
-0.4142100232393097,-0.48379192993600134,-1.0004464967473845,-0.9682627605204339,-0.5185708499916343,-0.5728171890298867,-0.3456135567124452,0.11442425825805375,-0.05426774822566122
-0.41910601081998833,3.270854135002096,-1.035662446747675,-1.079489325004749,0.4760207975962825,-1.44637957693102,-0.35156179459343545,-0.31697405106350424,-0.9499324525460073
-0.4195269379908341,3.0499926017704433,-1.349671334250266,-1.0281539875504497,0.6675360177628874,-1.3753582445813342,-0.7738866841437447,-0.7483723603850605,-1.002451619043397
-0.41793220578258894,1.2831003359172208,-1.461188509251186,-1.079489325004749,1.1567849835666524,-1.2049070469420888,-0.4467336006892798,0.54582256757961,-1.0166459883670158
-0.4141541277613383,1.2831003359172208,-1.461188509251186,-1.079489325004749,0.43417713604727665,-0.8533514518111449,-0.4467336006892798,0.54582256757961,-1.0038710559757587
-0.41217040865537374,2.166546468843832,-1.3966259342506533,-1.2334953373676472,0.5774112082727202,-1.155192114297309,0.005332478265980816,-0.1252414691428112,-1.073423465661491
-0.412975759827778,2.166546468843832,-1.3966259342506533,-1.2334953373676472,-0.5411020523641751,-1.773077705739574,0.005332478265980816,-0.1252414691428112,-0.7469529712182585
-0.41928966739046575,3.491715668233749,-1.3482040030002538,-1.2420512269433637,0.8172075763804864,-1.1480899810623402,-1.32707280707584,-0.7483723603850605,-1.213947721965317
-0.4163329106781827,3.0499926017704433,-1.3643446467503868,-1.2163835582162141,-0.8967731755307278,-1.6523414407451082,-0.45268183857027006,1.648284913623589,-0.7100476109768495
-0.4090801872303834,3.0499926017704433,-1.3643446467503868,-1.2163835582162141,-0.45741472926616333,-1.7375670395647311,-0.45268183857027006,1.648284913623589,-1.062067970202596
0.6034686776696129,-0.48379192993600134,1.011264647019214,1.8380690203145946,-0.013228168207482573,1.0287138554555246,1.5221331379185,0.785488294980475,0.6455146594287458
0.017905368993143156,-0.48379192993600134,1.011264647019214,1.8380690203145946,0.2812868342335992,0.8014455919365305,1.5221331379185,0.785488294980475,0.030898467716051516
0.1721392443008802,-0.48379192993600134,1.011264647019214,1.8380690203145946,-0.15002475404077198,0.5315645290077252,1.5221331379185,0.785488294980475,-0.22318074317672484
0.06485871121315961,-0.48379192993600134,1.011264647019214,1.8380690203145946,-0.17416532801135196,0.45699213004055506,1.5221331379185,0.785488294980475,-0.05426774822566122
0.09686856850612828,-0.48379192993600134,1.011264647019214,1.8380690203145946,0.28611494902771545,0.694913593412002,1.5221331379185,0.785488294980475,-0.7469529712182585
0.016438397877403973,-0.48379192993600134,1.011264647019214,1.8380690203145946,0.04953732411602766,0.8049966585540146,1.5221331379185,0.785488294980475,0.16148666549334445
-0.0016557668487664542,-0.48379192993600134,1.011264647019214,1.8380690203145946,-1.3811940265403766,0.9861010560457132,1.5221331379185,0.785488294980475,-0.4062881074514075
0.060419013248574106,-0.48379192993600134,1.011264647019214,1.8380690203145946,-0.6714611518053104,0.7304242595868449,1.5221331379185,0.785488294980475,0.2253613274496292
-0.024919692925271318,-0.48379192993600134,1.011264647019214,1.3931627623773337,4.1196380955558976,0.5138091959203038,1.5221331379185,0.785488294980475,-1.1018122043087284
0.09845987854225277,-0.48379192993600134,1.011264647019214,1.3931627623773337,-4.279672274608075,0.6913625267945179,1.5221331379185,0.785488294980475,-0.8420552456865045
0.0004808092785893307,-0.48379192993600134,1.011264647019214,1.3931627623773337,-2.0233332941578177,0.8156498584064678,1.5221331379185,0.785488294980475,0.1345173637784688
1.121270696908182,-0.48379192993600134,1.011264647019214,0.6488003692899941,-3.7936420520003873,1.1210415875101158,1.5221331379185,0.785488294980475,0.03941508931022286
0.8458885063556161,-0.48379192993600134,1.011264647019214,0.9653682835915067,-2.115067475246024,1.1210415875101158,1.5221331379185,0.785488294980475,3.0826878722940934
1.688894979327953,-0.48379192993600134,1.011264647019214,0.9653682835915067,-3.351064862539745,1.1210415875101158,1.5221331379185,0.785488294980475,3.5369076906498944
1.815618012957399,-0.48379192993600134,1.011264647019214,0.9910359523186564,1.7586899612331255,1.0464691885429462,1.5221331379185,0.785488294980475,0.05502889556620346
1.322699747932465,-0.48379192993600134,1.011264647019214,0.9910359523186564,0.6900672201354295,0.8831201241386688,1.5221331379185,0.785488294980475,1.4460770892808454
0.6993499554232884,-0.48379192993600134,1.011264647019214,0.9910359523186564,0.9234261018510403,1.0784287881003043,1.5221331379185,0.785488294980475,1.1621897028084696
2.2763678600477717,-0.48379192993600134,1.011264647019214,0.9910359523186564,0.2571462602630192,0.9861010560457132,1.5221331379185,0.785488294980475,1.5099517512371305
1.6168582561872609,-0.48379192993600134,1.011264647019214,0.9910359523186564,0.004474919370943316,1.1210415875101158,1.5221331379185,0.785488294980475,1.2388392971560114
9.728489870079684,-0.48379192993600134,1.011264647019214,0.9910359523186564,1.2034567599097745,0.8334051914938893,1.5221331379185,0.785488294980475,0.5901566190666323
1.389591805651708,-0.48379192993600134,1.011264647019214,0.9910359523186564,0.5226925739394047,1.0890819879527571,1.5221331379185,0.785488294980475,1.1394787118906795
0.6267462924346004,-0.48379192993600134,1.011264647019214,1.2391567500144356,-1.1011633684816438,1.1210415875101158,1.5221331379185,0.785488294980475,1.4971768188458736
0.4904822429326484,-0.48379192993600134,1.011264647019214,1.2391567500144356,-1.126913314050263,1.1210415875101158,1.5221331379185,0.785488294980475,1.6334427643526137
1.869893662791669,-0.48379192993600134,1.011264647019214,1.2391567500144356,-2.9809093949908436,0.8085477251714992,1.5221331379185,0.785488294980475,2.495040982296275
1.4965232771831176,-0.48379192993600134,1.011264647019214,1.2391567500144356,-1.517990612373666,1.0535713217779143,1.5221331379185,0.785488294980475,2.5205908470787883
2.361420244487519,-0.48379192993600134,1.011264647019214,1.2391567500144356,-2.523847861147853,1.1210415875101158,1.5221331379185,0.785488294980475,2.1614733031912334
2.1564663561789175,-0.48379192993600134,1.011264647019214,1.2391567500144356,-1.963786545030386,0.7481795926742663,1.5221331379185,0.785488294980475,2.68808440509749
1.2138404527730624,-0.48379192993600134,1.011264647019214,1.2391567500144356,-2.15691113679503,1.1210415875101158,1.5221331379185,0.785488294980475,2.4936215453639132
0.5086494139973938,-0.48379192993600134,1.011264647019214,1.2391567500144356,-1.3361316217952937,1.081979854717789,1.5221331379185,0.785488294980475,1.1068316624463566
0.372950022895357,-0.48379192993600134,1.011264647019214,1.2391567500144356,-0.8163045956287931,1.0145095889855873,1.5221331379185,0.785488294980475,0.5759622497430134
0.18255177334012393,-0.48379192993600134,1.011264647019214,1.2391567500144356,-0.27233699549171253,0.4996049294503665,1.5221331379185,0.785488294980475,0.8101693435827237
0.8994797217657463,-0.48379192993600134,1.011264647019214,1.2391567500144356,-1.9058491675009934,1.0145095889855873,1.5221331379185,0.785488294980475,1.7924197007771443
0.5648893906289443,-0.48379192993600134,1.011264647019214,1.1792655229844198,-0.04380622857021807,0.8582626578162788,1.5221331379185,0.785488294980475,0.30059148486480874
1.1027453384948036,-0.48379192993600134,1.011264647019214,1.1792655229844198,-0.5362739375700603,0.932835056783449,1.5221331379185,0.785488294980475,0.46808504288351077
0.5731014629945792,-0.48379192993600134,1.011264647019214,1.1792655229844198,0.4035990756845412,1.0784287881003043,1.5221331379185,0.785488294980475,0.5773816866753755
0.24859969526959483,-0.48379192993600134,1.011264647019214,1.1792655229844198,0.29738055021398724,0.9789989228107445,1.5221331379185,0.785488294980475,0.8967549964567983
0.45392660033935267,-0.48379192993600134,1.011264647019214,1.1792655229844198,-0.7615859612954776,1.081979854717789,1.5221331379185,0.785488294980475,0.9748240277367018
3.9536428598442637,-0.48379192993600134,1.011264647019214,1.1792655229844198,-1.2347412111188547,1.1210415875101158,1.5221331379185,0.785488294980475,2.4893632345668273
0.7099655333416937,-0.48379192993600134,1.011264647019214,1.1792655229844198,-0.5926019435014135,0.3327047984286052,1.5221331379185,0.785488294980475,2.4013581447603904
2.435829673631895,-0.48379192993600134,1.011264647019214,1.1792655229844198,-0.3753367777661894,1.1210415875101158,1.5221331379185,0.785488294980475,1.9471383264045892
1.202718393380794,-0.48379192993600134,1.011264647019214,1.1792655229844198,0.19759951113558744,1.1210415875101158,1.5221331379185,0.785488294980475,1.0316015050311769
0.673366543234869,-0.48379192993600134,1.011264647019214,1.1792655229844198,0.295771178615948,1.1210415875101158,1.5221331379185,0.785488294980475,1.0301820680988147
2.407950378088609,-0.48379192993600134,1.011264647019214,1.1792655229844198,-1.4021158573148795,0.9789989228107445,1.5221331379185,0.785488294980475,0.9535324737512734
4.316096516387789,-0.48379192993600134,1.011264647019214,1.1792655229844198,-1.109210226471837,0.6025858613574109,1.5221331379185,0.785488294980475,2.0337239792786637
7.326649774408211,-0.48379192993600134,1.011264647019214,1.1792655229844198,-0.8645857435699544,1.1210415875101158,1.5221331379185,0.785488294980475,1.409171729039437
1.9419075714515568,-0.48379192993600134,1.011264647019214,0.8883652774100577,-3.351064862539745,1.1210415875101158,1.5221331379185,0.785488294980475,1.4602714586044645
0.9420515429472291,-0.48379192993600134,1.011264647019214,0.8883652774100577,-0.9852886134228572,1.1210415875101158,1.5221331379185,0.785488294980475,-0.13091734257320262
0.42334036664859437,-0.48379192993600134,1.011264647019214,0.3579001237156311,-0.9708042690405084,1.0464691885429462,1.5221331379185,0.785488294980475,1.8946191599071995
1.225772426233896,-0.48379192993600134,1.011264647019214,0.3579001237156311,1.016769654537286,1.1210415875101158,1.5221331379185,0.785488294980475,0.9549519106836355
5.411944472877695,-0.48379192993600134,1.011264647019214,0.3579001237156311,-0.745492245315091,1.1210415875101158,1.5221331379185,0.785488294980475,-0.4176436029103025
1.1815579624344783,-0.48379192993600134,1.011264647019214,0.3579001237156311,0.7029421929197391,1.1210415875101158,1.5221331379185,0.785488294980475,1.1593508289437457
1.7245768273064306,-0.48379192993600134,1.011264647019214,0.3579001237156311,-2.5624727795007822,1.1210415875101158,1.5221331379185,0.785488294980475,3.0259103949996176
2.847596830434678,-0.48379192993600134,1.011264647019214,0.3579001237156311,-1.714333947334387,1.1210415875101158,1.5221331379185,0.785488294980475,0.9975350186544915
4.797128436913498,-0.48379192993600134,1.011264647019214,1.1792655229844198,-2.7378942836870004,1.1210415875101158,1.5221331379185,0.785488294980475,3.396383434346068
1.64171463302393,-0.48379192993600134,1.011264647019214,1.0594830689243888,0.3440523265571094,1.1210415875101158,1.5221331379185,0.785488294980475,2.2707699469830978
0.8146440748936434,-0.48379192993600134,1.011264647019214,1.0594830689243888,0.9041136426745766,0.7943434587015619,1.5221331379185,0.785488294980475,1.808033507033125
2.5378674390307063,-0.48379192993600134,1.011264647019214,1.0594830689243888,-1.4745375792266209,0.7339753262043289,1.5221331379185,0.785488294980475,1.9286856462838848
7.966972399912009,-0.48379192993600134,1.011264647019214,1.0594830689243888,-0.4236179257073508,1.1210415875101158,1.5221331379185,0.785488294980475,1.0741846130020334
0.9262182932687999,-0.48379192993600134,1.011264647019214,1.3931627623773337,0.9717072497922017,0.2865409324013096,1.5221331379185,0.785488294980475,1.3751052426627515
0.8435272075923345,-0.48379192993600134,1.011264647019214,1.3931627623773337,0.3070367798022184,1.1210415875101158,1.5221331379185,0.785488294980475,0.2792999308793805
0.3798445589945232,-0.48379192993600134,1.011264647019214,1.3931627623773337,-0.3447587174034539,0.9541414564883545,1.5221331379185,0.785488294980475,0.37582164227998827
0.9531279733778882,-0.48379192993600134,1.011264647019214,0.5033502465028126,-0.9209137495013092,0.6807093269420647,1.5221331379185,0.785488294980475,0.14871173310208755
0.3830191939984906,-0.48379192993600134,1.011264647019214,0.5033502465028126,-0.18864967239370078,0.5919326615049576,1.5221331379185,0.785488294980475,1.453174273942655
0.5816991000858128,-0.48379192993600134,1.011264647019214,0.2466735592313159,-1.05449159213852,0.07702800196973678,1.5221331379185,0.785488294980475,0.5830594344048229
1.38798338475498,-0.48379192993600134,1.011264647019214,1.0594830689243888,-0.5217895931877113,0.9576925231058391,1.5221331379185,0.785488294980475,1.609312336502462
0.975828381778518,-0.48379192993600134,1.011264647019214,0.2466735592313159,-0.6167425174719949,-0.3100382593360496,1.5221331379185,0.785488294980475,0.3744022053476264
3.8749443083086135,-0.48379192993600134,1.011264647019214,1.0594830689243888,-0.029321884187869227,0.3646643979859639,1.5221331379185,0.785488294980475,0.2083280842612865
0.41914478362861873,-0.48379192993600134,1.011264647019214,1.0594830689243888,-0.04380622857021807,0.3433579982810579,1.5221331379185,0.785488294980475,1.2019339369146023
0.6440704684336137,-0.48379192993600134,1.011264647019214,1.0594830689243888,0.2571462602630192,0.9647946563408072,1.5221331379185,0.785488294980475,1.5653097915992433
0.5474785196028732,-0.48379192993600134,1.011264647019214,0.2466735592313159,0.20564636912578074,0.6274433276798005,1.5221331379185,0.785488294980475,0.6511924071581932
0.7265915862280846,-0.48379192993600134,1.011264647019214,0.2466735592313159,0.9861915941745505,0.9186307903135117,1.5221331379185,0.785488294980475,0.9421769782923786
0.3138491103709029,-0.48379192993600134,1.011264647019214,0.2466735592313159,0.3295679821747606,0.2261727999040767,1.5221331379185,0.785488294980475,-0.14511171189682162
0.21540690714690502,-0.48379192993600134,1.011264647019214,1.350383314498751,0.34727106975318645,0.6913625267945179,1.5221331379185,0.785488294980475,0.44963236276280594
1.1658958213620836,-0.48379192993600134,1.011264647019214,1.350383314498751,-0.01966565459963666,0.9434882566359017,1.5221331379185,0.785488294980475,0.30059148486480874
0.8518544930860328,-0.48379192993600134,1.011264647019214,1.581392333043098,0.6578797881746549,0.9292839901659644,1.5221331379185,0.785488294980475,1.4503354000779314
1.2237761591634888,-0.48379192993600134,1.011264647019214,1.581392333043098,0.3875053597041545,0.8831201241386688,1.5221331379185,0.785488294980475,0.7093893213850302
1.310060525566687,-0.48379192993600134,1.011264647019214,1.581392333043098,-0.10979046408980392,1.1210415875101158,1.5221331379185,0.785488294980475,1.901716344569009
1.1390545846954092,-0.48379192993600134,1.011264647019214,1.581392333043098,-0.45902410086420253,0.6913625267945179,1.5221331379185,0.785488294980475,2.9762301023669524
0.6499725746177776,-0.48379192993600134,1.011264647019214,1.581392333043098,-0.9547105530601218,0.9044265238435748,1.5221331379185,0.785488294980475,1.394977359715818
2.0941828235822144,-0.48379192993600134,1.011264647019214,1.581392333043098,-0.6473205778347304,0.8511605245813106,1.5221331379185,0.785488294980475,1.2856807159239532
0.688021424979738,-0.48379192993600134,1.011264647019214,1.581392333043098,0.29898992181202505,1.021611722220556,1.5221331379185,0.785488294980475,0.9180465504422264
0.2251372832100895,-0.48379192993600134,1.011264647019214,1.581392333043098,-0.001962567021210773,1.1210415875101158,1.5221331379185,0.785488294980475,0.5021515292601957
0.7156680128188166,-0.48379192993600134,1.011264647019214,1.581392333043098,0.4261302780570833,1.1210415875101158,1.5221331379185,0.785488294980475,0.8229442759739807
1.039149973251833,-0.48379192993600134,1.011264647019214,1.581392333043098,-0.5893832003053364,1.00030532251565,1.5221331379185,0.785488294980475,1.524146120560749
0.796118716480265,-0.48379192993600134,1.011264647019214,1.581392333043098,0.38428661650807605,0.9363861234009331,1.5221331379185,0.785488294980475,1.551115422275625
0.296056096791354,-0.48379192993600134,1.011264647019214,1.581392333043098,0.1943807679395104,0.9932031892806819,1.5221331379185,0.785488294980475,0.6724839611436211
0.7109123342950866,-0.48379192993600134,1.011264647019214,1.581392333043098,0.04953732411602766,1.00030532251565,1.5221331379185,0.785488294980475,0.48085997527476765
0.6429525588741859,-0.48379192993600134,1.011264647019214,1.350383314498751,-0.05668120135452768,1.0748777214828202,1.5221331379185,0.785488294980475,0.720744816843925
0.4372708886279157,-0.48379192993600134,1.011264647019214,1.350383314498751,0.3166930093904509,1.060673455012883,1.5221331379185,0.785488294980475,0.8882383748626268
0.3450673051799501,-0.48379192993600134,1.011264647019214,1.350383314498751,0.8510043799392989,0.8582626578162788,1.5221331379185,0.785488294980475,0.6228036685109556
0.19944475565192935,-0.48379192993600134,1.011264647019214,1.350383314498751,0.6997234497236621,1.0571223883953988,1.5221331379185,0.785488294980475,0.66396733954945
0.15940876401188372,-0.48379192993600134,1.011264647019214,1.350383314498751,0.12356841762580682,0.8298541248764046,1.5221331379185,0.785488294980475,0.5986732406608034
0.5196402901250354,-0.48379192993600134,1.011264647019214,1.350383314498751,1.8874396890762217,1.0961841211877257,1.5221331379185,0.785488294980475,0.5234430832456236
0.6640034803126392,-0.48379192993600134,1.011264647019214,1.350383314498751,0.8172075763804864,0.911528657078543,1.5221331379185,0.785488294980475,0.8030721589209143
0.12087510593282455,-0.48379192993600134,1.011264647019214,1.350383314498751,0.4905051419786314,0.6416475941497378,1.5221331379185,0.785488294980475,0.720744816843925
0.11134549730072091,-0.48379192993600134,1.011264647019214,1.350383314498751,-0.39303986534461527,0.6913625267945179,1.5221331379185,0.785488294980475,0.8456552668917708
0.5142207102098901,-0.48379192993600134,1.011264647019214,1.350383314498751,-0.45741472926616333,0.4214814638657122,1.5221331379185,0.785488294980475,0.5518318218928616
0.46307634786605884,-0.48379192993600134,1.011264647019214,1.350383314498751,0.13000590401796236,0.542217728860178,1.5221331379185,0.785488294980475,0.45105179969516807
0.3545866472956916,-0.48379192993600134,1.011264647019214,1.350383314498751,-0.22405584755055113,0.5670751951825681,1.5221331379185,0.785488294980475,0.23387794904380027
0.1276920727972549,-0.48379192993600134,1.011264647019214,1.350383314498751,0.7737545432334413,0.7659349257616876,1.5221331379185,0.785488294980475,0.47802110141004395
4.277124713995702e-05,-0.48379192993600134,1.011264647019214,1.350383314498751,0.2507087738708651,0.7091178598819393,1.5221331379185,0.785488294980475,0.22678076438199105
0.33790355820728896,-0.48379192993600134,1.011264647019214,1.350383314498751,0.15575584958658156,0.5173602625377879,1.5221331379185,0.785488294980475,0.13309792684610694
0.24279340990481066,-0.48379192993600134,1.011264647019214,1.350383314498751,0.47119268280216625,0.7623838591442036,1.5221331379185,0.785488294980475,-0.39209373812778875
0.47301091353244507,-0.48379192993600134,1.011264647019214,0.8541417191071915,-0.018056283001598856,-0.10762746213944548,1.5221331379185,0.785488294980475,0.023801283054242266
-0.06035970740721951,-0.48379192993600134,1.011264647019214,0.8541417191071915,-0.7422735021190124,-0.718410920346742,1.5221331379185,0.785488294980475,0.15297004389917335
0.009381878964524719,-0.48379192993600134,1.011264647019214,0.8541417191071915,-0.43166478369754413,0.5777283950350208,1.5221331379185,0.785488294980475,0.5816399974724608
0.0832209460887847,-0.48379192993600134,1.011264647019214,0.2466735592313159,-0.3495868321975702,0.9257329235484804,1.5221331379185,0.785488294980475,1.1735451982673648
1.3555183785699585,-0.48379192993600134,1.011264647019214,0.21245000092844965,-0.47350844524654995,0.09123226843967411,1.5221331379185,0.785488294980475,0.720744816843925
1.07026892506938,-0.48379192993600134,1.011264647019214,0.21245000092844965,-0.8163045956287931,-0.4165702578605781,1.5221331379185,0.785488294980475,0.24239457063797162
0.07483776511711494,-0.48379192993600134,1.011264647019214,0.21245000092844965,-0.08564989011922394,0.5528709287126308,1.5221331379185,0.785488294980475,0.45956842128933917
0.03943197235637365,-0.48379192993600134,1.011264647019214,-0.19823269870594415,0.014131148959175879,0.7907923920840777,1.5221331379185,0.785488294980475,-0.025879009578423727
-0.014151257985474992,-0.48379192993600134,1.011264647019214,0.21245000092844965,0.3488804413512257,0.23327493313904538,1.5221331379185,0.785488294980475,0.18561709334349638
0.10884274875645046,-0.48379192993600134,1.011264647019214,0.5033502465028126,1.2227692190862398,-0.029503996554791675,1.5221331379185,0.785488294980475,-0.19763087839421106
0.4977041668313614,-0.48379192993600134,1.011264647019214,0.2466735592313159,-1.276584872667862,0.9576925231058391,1.5221331379185,0.785488294980475,0.7221642537762871
0.30803940283399794,-0.48379192993600134,1.011264647019214,0.2466735592313159,-0.09369674810941726,1.0287138554555246,1.5221331379185,0.785488294980475,1.5681486654639676
0.13445428490775413,-0.48379192993600134,1.011264647019214,0.5033502465028126,0.4245209064590441,0.8937733239911216,1.5221331379185,0.785488294980475,0.7988138481238285
1.292516189827909,-0.48379192993600134,1.011264647019214,0.5033502465028126,-1.4745375792266209,1.0251627888380401,1.5221331379185,0.785488294980475,1.6831230569852798
0.7460637455948561,-0.48379192993600134,1.011264647019214,0.5033502465028126,-0.05668120135452768,1.0038563891331347,1.5221331379185,0.785488294980475,0.7065504475203065
1.2138404527730624,-0.48379192993600134,1.011264647019214,0.5033502465028126,0.014131148959175879,0.694913593412002,1.5221331379185,0.785488294980475,0.008187476798261418
0.2431196569803172,-0.48379192993600134,1.011264647019214,-0.19823269870594415,0.03505297973367881,-0.13248492846183554,1.5221331379185,0.785488294980475,-0.328219076171504
0.22990665042230224,-0.48379192993600134,1.011264647019214,-0.19823269870594415,0.8526137515373382,0.2297238665215613,1.5221331379185,0.785488294980475,-0.754050155880068
0.23252803426675694,-0.48379192993600134,1.011264647019214,-0.19823269870594415,1.3531283185273737,0.304296265488731,1.5221331379185,0.785488294980475,-0.8576690519424852
-0.09973978272413138,-0.48379192993600134,1.011264647019214,-0.19823269870594415,-0.7374453873248976,-0.9989451831280005,1.5221331379185,0.785488294980475,-0.3736410580070842
-0.14990996673760393,-0.48379192993600134,1.011264647019214,0.23811766965559933,-0.562023883138678,-0.942128117248252,1.5221331379185,0.785488294980475,0.04083452624258471
-0.00217479628707232,-0.48379192993600134,1.011264647019214,0.23811766965559933,0.14770899159638823,-0.5870214554998238,1.5221331379185,0.785488294980475,-0.3509300670892941
0.22803244082420002,-0.48379192993600134,1.011264647019214,0.23811766965559933,-0.17094658481527492,0.40372613077829084,1.5221331379185,0.785488294980475,0.2736221831499331
0.13037733718796263,-0.48379192993600134,1.011264647019214,0.23811766965559933,-0.5073052488053625,-0.5408575894725279,1.5221331379185,0.785488294980475,-0.22743905397381065
-0.4040302019042735,-0.48379192993600134,2.4257719720308843,0.46057079862422984,-1.2331318395208168,0.8618137244337634,1.7898038425630622,0.737555149500303,0.7108087583173918
-0.4003217080494771,-0.48379192993600134,2.4257719720308843,0.46057079862422984,-1.2975067034423649,1.060673455012883,1.7898038425630622,0.737555149500303,1.5496959853432628
-0.3975737038365566,-0.48379192993600134,2.4257719720308843,0.46057079862422984,-1.814114986412787,1.0500202551604303,1.7898038425630622,0.737555149500303,2.3601944737218963
-0.40917714877380323,-0.48379192993600134,2.4257719720308843,0.46057079862422984,-0.3817742641583449,1.0784287881003043,1.7898038425630622,0.737555149500303,0.7122281952497539
-0.40854062475935343,-0.48379192993600134,2.4257719720308843,0.46057079862422984,-0.3817742641583449,0.5351155956252094,1.7898038425630622,0.737555149500303,0.04225396317494656
-0.4014692764339512,-0.48379192993600134,-0.22276093424096804,0.25522944880703247,-0.8259608252170256,-0.5124490565326538,-0.11363227935382461,0.30615684017874506,-0.1479505857615453
-0.38934794278243895,-0.48379192993600134,-0.22276093424096804,0.25522944880703247,-0.47350844524654995,-0.9172706509258619,-0.11363227935382461,0.30615684017874506,0.07632044955163171
-0.400821345179099,-0.48379192993600134,-0.22276093424096804,0.25522944880703247,-0.8855075743444574,-1.4073178441386929,-0.11363227935382461,0.30615684017874506,0.6455146594287458
-0.3882037965700856,-0.48379192993600134,-0.22276093424096804,0.25522944880703247,-1.3361316217952937,0.15870253417187566,-0.11363227935382461,0.30615684017874506,1.147995333484851
-0.3906244129834593,-0.48379192993600134,-0.22276093424096804,0.25522944880703247,-0.6859454961876592,0.07702800196973678,-0.11363227935382461,0.30615684017874506,0.14871173310208755
-0.3939621715251801,-0.48379192993600134,-0.22276093424096804,0.25522944880703247,-0.32383688662895094,-0.11117852875693006,-0.11363227935382461,0.30615684017874506,-0.018781824916614228
-0.400953669167766,-0.48379192993600134,-0.22276093424096804,0.25522944880703247,-1.048054105746366,0.18000893387678116,-0.11363227935382461,0.30615684017874506,0.2906554263382755
-0.395643598760483,-0.48379192993600134,-0.22276093424096804,0.25522944880703247,-0.31096191384464134,0.4001750641608067,-0.11363227935382461,0.30615684017874506,0.18135878254641083
-0.4140948101112462,-0.48379192993600134,0.10592126576174388,0.15255877389843375,0.5999424106452623,0.023762002707472554,-0.8155243493106766,1.1689534588218593,-0.48009882793422515
-0.41607510704509015,-0.48379192993600134,0.10592126576174388,0.15255877389843375,-0.16129035522704235,0.2936430656362783,-0.8155243493106766,1.1689534588218593,-0.563845606943576
-0.4143081255067697,-0.48379192993600134,0.10592126576174388,0.15255877389843375,1.2163317326940843,0.8014455919365305,-0.8155243493106766,1.1689534588218593,-1.0521319116760628
-0.4087379700183137,-0.48379192993600134,0.10592126576174388,0.15255877389843375,0.9234261018510403,0.7410774594392976,-0.8155243493106766,1.1689534588218593,-0.9328992093576647
-0.4158309921004803,-0.48379192993600134,0.10592126576174388,0.15255877389843375,-0.30613379905052507,0.4392367969531336,-0.8155243493106766,1.1689534588218593,-0.7341780388270016
